-- USERS --

INSERT INTO users (user_id, first_name, last_name, email, username, password, phone_number, address, city, country, birth_date, gender, bio, joined_at, status) VALUES
(1, 'Alice', 'Smith', 'alice.smith@code.com', 'CodeMaster', 'P@sswOrd1', '+1 212 555 0198', '45 W 23rd St', 'New York', 'USA', '1990-02-01', 'F', 'Expert in Python and algorithms.', NOW() - INTERVAL '300 days', 'active'),
(2, 'Bob', 'Jones', 'bob.jones@data.net', 'DataGeek', 'S3cR3t!5', '+44 20 7260 5581', '10 Baker Street', 'London', 'UK', '1985-05-15', 'M', 'Specialist in PostgreSQL indexing.', NOW() - INTERVAL '250 days', 'active'),
(3, 'Charlie', 'Brown', 'charlie.brown@web.org', 'WebWizard', 'W3bMast3r#', '+33 1 45 82 71 09', '12 Rue de Rivoli', 'Paris', 'France', '1995-11-20', 'M', 'React and modern JavaScript enthusiast.', NOW() - INTERVAL '200 days', 'active'),
(4, 'Diana', 'Prince', 'diana.prince@db.io', 'SQLNinja', 'D!anaP99', '+49 30 2345 7789', '5 Friedrichstraße', 'Berlin', 'Germany', '1988-07-04', 'F', 'Database architect and SQL optimizer.', NOW() - INTERVAL '150 days', 'active'),
(5, 'Ethan', 'Hunt', 'ethan.hunt@py.co', 'PythonGuru', 'Hunt_3th@n', '+81 3 4521 8897', '3-2-1 Shibuya', 'Tokyo', 'Japan', '1992-03-25', 'M', 'Python backend and Django developer.', NOW() - INTERVAL '100 days', 'active'),
(6, 'Fiona', 'Gale', 'fiona.gale@js.dev', 'JSEngine', 'F!on@Gale8', '+61 2 8354 7921', '22 George St', 'Sydney', 'Australia', '1998-09-10', 'F', 'V8 engine and Node.js performance tuning.', NOW() - INTERVAL '50 days', 'active'),
(7, 'George', 'Miller', 'george.miller@style.me', 'CSSChamp', 'C$SStyl3!', '+1 416 572 8049', '50 King St W', 'Toronto', 'Canada', '1991-12-05', 'M', 'CSS Grid, Flexbox, and responsive design.', NOW() - INTERVAL '20 days', 'active'),
(8, 'Hannah', 'Lee', 'hannah.lee@linux.net', 'LinuxLover', 'L1nuxR0x!', '+82 2 394 7728', '12 Teheran-ro, Gangnam-gu', 'Seoul', 'South Korea', '1980-02-28', 'F', 'System admin and Linux kernel contributor.', NOW() - INTERVAL '10 days', 'active'),
(9, 'Ivan', 'Petrov', 'ivan.petrov@api.biz', 'API_Dev', 'IvP3tr0v', '+7 495 123 45 67', '15 Tverskaya St', 'Moscow', 'Russia', '1994-06-01', 'M', 'Specialist in RESTful API design and security.', NOW() - INTERVAL '5 days', 'active'),
(10, 'Jasmine', 'Kaur', 'jasmine.kaur@cloud.com', 'CloudOps', 'Cl0udOp$!', '+91 22 2345 6789', '8 Marine Drive', 'Mumbai', 'India', '1987-08-18', 'F', 'AWS, Docker, and Kubernetes deployment.', NOW() - INTERVAL '1 day', 'active'),
(11, 'Kyle', 'Walker', 'kyle.walker@front.net', 'FrontendFan', 'Fr0ntEnd$', '+1 305 555 1234', '101 Ocean Drive', 'Miami', 'USA', '1993-04-12', 'M', 'Loves modern frontend frameworks.', NOW() - INTERVAL '305 days', 'active'),
(12, 'Laura', 'Baker', 'laura.baker@back.dev', 'BackendX', 'B@ckEnd#', '+353 1 234 5678', '25 O’Connell Street', 'Dublin', 'Ireland', '1989-10-30', 'F', 'Java Spring Boot and microservices.', NOW() - INTERVAL '255 days', 'active'),
(13, 'Mark', 'Chen', 'mark.chen@ux.io', 'UX_Designer', 'M@rkChen99', '+86 21 1234 5678', '88 Nanjing Rd, Huangpu District', 'Shanghai', 'China', '1996-01-22', 'M', 'Accessibility (WCAG) and user experience advocate.', NOW() - INTERVAL '205 days', 'active'),
(14, 'Nora', 'Diaz', 'nora.diaz@network.co', 'NetworkStar', 'N0raD!az', '+52 55 1234 5678', '10 Reforma Ave, Cuauhtémoc', 'Mexico City', 'Mexico', '1983-05-08', 'F', 'TCP/IP, firewalls, and security.', NOW() - INTERVAL '155 days', 'active'),
(15, 'Oscar', 'Evans', 'oscar.evans@mobile.app', 'MobDev', '0sc@rEv$n', '+55 21 2345 6789', '50 Copacabana Ave', 'Rio de Janeiro', 'Brazil', '1997-07-19', 'M', 'iOS and Android development.', NOW() - INTERVAL '105 days', 'active'),
(16, 'Penny', 'Flores', 'penny.flores@algo.edu', 'AlgorithmExp', 'P3nnyF!', '+1 617 555 1234', '12 Massachusetts Ave', 'Cambridge', 'USA', '1994-11-03', 'F', 'Loves complex algorithms and data structures.', NOW() - INTERVAL '55 days', 'active'),
(17, 'Quentin', 'Gray', 'quentin.gray@sec.gov', 'SecuritySam', 'QG_S3cUr3#', '+61 2 6123 4567', '7 London Circuit', 'Canberra', 'Australia', '1981-06-14', 'M', 'Cybersecurity and ethical hacking.', NOW() - INTERVAL '25 days', 'active'),
(18, 'Rachel', 'Hill', 'rachel.hill@game.dev', 'GamerDev', 'R@chelH!ll', '+374 91 00 11 24', '10 Abovyan St', 'Yerevan', 'Armenia', '1999-02-07', 'F', 'Game development and graphics programming.', NOW() - INTERVAL '15 days', 'active'),
(19, 'Sam', 'Ives', 'sam.ives@support.co', 'SupportHero', 'S@mIv3s!', '+31 20 123 4567', '5 Prinsengracht', 'Amsterdam', 'Netherlands', '1986-09-29', 'M', 'Technical support and documentation.', NOW() - INTERVAL '10 days', 'active'),
(20, 'Tina', 'Jude', 'tina.jude@qa.biz', 'TesterTess', 'T!naJud3', '+46 8 123 456 78', '8 Drottninggatan', 'Stockholm', 'Sweden', '1990-12-12', 'F', 'Quality assurance and software testing.', NOW() - INTERVAL '6 days', 'active');


-- QUESTIONS --

INSERT INTO questions (question_id, author_id, title, body, status, created_at, updated_at) VALUES
(101, 6, 'Understanding async/await and Promises in JS', 'I am struggling with Promises and async/await syntax. What is the best practice for error handling in modern JavaScript?', 'open', NOW() - INTERVAL '24 hours', NOW() - INTERVAL '2 hours'),
(102, 4, 'Difference between INNER JOIN and LEFT JOIN in PostgreSQL', 'I always get confused between these two in SQL. Can someone explain with a simple example relevant to PostgreSQL?', 'open', NOW() - INTERVAL '48 hours', NOW() - INTERVAL '1 hour'),
(103, 11, 'Best state management approach for medium-sized React app?', 'Should I use Redux, Context API, or just local component state for a medium-sized application, considering maintenance?', 'open', NOW() - INTERVAL '72 hours', NOW() - INTERVAL '30 minutes'),
(104, 5, 'Python list comprehension vs. for loop performance comparison', 'Is list comprehension always faster than a traditional for loop in Python, and why exactly?', 'open', NOW() - INTERVAL '96 hours', NOW() - INTERVAL '15 minutes'),
(105, 7, 'CSS Flexbox vs Grid: Choosing the right layout tool', 'What are the main deciding factors for choosing between Flexbox (1D) and Grid (2D) layouts in modern CSS?', 'closed', NOW() - INTERVAL '120 hours', NOW() - INTERVAL '10 minutes'),
(106, 9, 'Implementing secure user authentication with JWT in Node.js API', 'Need guidance on using JWT for API security. Where should the token be stored on the client side?', 'open', NOW() - INTERVAL '144 hours', NOW() - INTERVAL '5 minutes'),
(107, 2, 'Optimal indexing strategy for large PostgreSQL tables (>10M rows)', 'What is the optimal indexing approach for a table with over 10 million rows that is frequently read with complex WHERE clauses?', 'open', NOW() - INTERVAL '168 hours', NULL),
(108, 6, 'How the V8 engine compiles and executes JavaScript code', 'Looking for a detailed explanation of the V8 compilation and execution pipeline, mentioning Ignition and TurboFan.', 'open', NOW() - INTERVAL '192 hours', NULL),
(109, 14, 'Trouble connecting to a remote MySQL database: Connection Refused', 'I keep getting connection refused error when connecting remotely. Firewall is open. What common database configurations could be blocking me?', 'open', NOW() - INTERVAL '216 hours', NULL),
(110, 11, 'The role and benefits of React Hooks (useState, useEffect)', 'Trying to understand the fundamental shift from class components to functional components using Hooks.', 'open', NOW() - INTERVAL '240 hours', NULL),
(111, 4, 'Preventing Deadlock found when trying to get lock in MySQL', 'This deadlock error happens during peak load. How can I structure my transactions to prevent it?', 'open', NOW() - INTERVAL '2 days', NULL),
(112, 5, 'Best practices and tools for clean Python code (PEP 8)', 'Any style guides or linters recommended for enforcing Python code quality and readability?', 'open', NOW() - INTERVAL '3 days', NULL),
(113, 12, 'Setting up CI/CD for a Java Spring Boot application', 'Looking for a simple setup for a CI/CD pipeline, perhaps using GitHub Actions or Jenkins.', 'open', NOW() - INTERVAL '4 days', NULL),
(114, 13, 'Beginner guide to web accessibility (WCAG) compliance', 'Looking for beginner tips on semantic HTML structure and ARIA attributes for basic WCAG compliance.', 'open', NOW() - INTERVAL '5 days', NULL),
(115, 16, 'Time complexity of common sorting algorithms (Bubble, Merge, Quick)', 'Need a quick reference and explanation of the Big O notation for the most common sorting algorithms.', 'open', NOW() - INTERVAL '6 days', NULL),
(116, 6, 'Difference between var, let, and const in modern JavaScript', 'When and why should each be used? Specifically, what is block scope?', 'open', NOW() - INTERVAL '7 days', NULL),
(117, 17, 'Properly sanitizing user input to prevent XSS and SQL Injection in PHP', 'What are the most effective techniques for sanitizing user input before storing it or displaying it?', 'open', NOW() - INTERVAL '8 days', NULL),
(118, 7, 'My CSS flex item is not growing despite flex-grow: 1', 'I have set `flex-grow: 1;` but the item still does not take up available space. What could be the issue?', 'open', NOW() - INTERVAL '9 days', NULL),
(119, 9, 'The core concepts of RESTful API design', 'Need an explanation of resources, verbs, status codes, and the statelessness principle in REST.', 'open', NOW() - INTERVAL '10 days', NULL),
(120, 10, 'Deploying a Docker container to AWS ECS using Fargate', 'Looking for a simple step-by-step guide to deploying a containerized application to AWS ECS with Fargate.', 'open', NOW() - INTERVAL '11 days', NULL),
(121, 2, 'Understanding database normalization (1NF, 2NF, 3NF)', 'What are the goals of database normalization and what are the key differences between the first three normal forms?', 'open', NOW() - INTERVAL '12 days', NULL),
(122, 5, 'Effective use of Python map() and filter() functions', 'Need practical examples showing when to use `map()` vs `filter()` over a traditional loop.', 'open', NOW() - INTERVAL '13 days', NULL),
(123, 11, 'Creating responsive images using HTML srcset and sizes attributes', 'How do `srcset` and `sizes` work together to deliver optimized images for different screen sizes and resolutions?', 'open', NOW() - INTERVAL '14 days', NULL),
(124, 12, 'Introduction to Asynchronous Programming in Java (CompletableFuture)', 'How does Java handle asynchronous operations, and what is the role of `CompletableFuture`?', 'open', NOW() - INTERVAL '15 days', NULL),
(125, 4, 'Implementing full-text search in PostgreSQL efficiently', 'Is PostgreSQLs built-in full-text search better than using the LIKE operator for large text fields?', 'open', NOW() - INTERVAL '16 days', NULL),
(126, 11, 'Handling global errors using React Error Boundaries', 'How do I implement an Error Boundary in React to catch JavaScript errors anywhere in the component tree?', 'open', NOW() - INTERVAL '17 days', NULL),
(127, 3, 'Differences between cookies, localStorage, and sessionStorage', 'What are the use cases and storage limitations for each of these client-side storage options?', 'open', NOW() - INTERVAL '18 days', NULL),
(128, 8, 'Setting up HTTPS with Lets Encrypt on an Apache/Linux server', 'What are the steps to automatically generate and renew an SSL certificate using certbot?', 'open', NOW() - INTERVAL '19 days', NULL),
(129, 5, 'Explaining Polymorphism in Object-Oriented Programming (OOP)', 'Define polymorphism and provide a simple code example in Python.', 'open', NOW() - INTERVAL '20 days', NULL),
(130, 9, 'Best practices for API versioning (URL vs. Header vs. Media Type)', 'Which API versioning strategy is generally recommended for public APIs and why?', 'open', NOW() - INTERVAL '21 days', NULL);



-- ANSWERS --
INSERT INTO answers (answer_id, question_id, author_id, body, is_accepted, created_at, updated_at) VALUES
(201, 101, 1, 'The best way is to use `async/await` as it makes asynchronous code look synchronous. For error handling, wrap the `await` calls in a `try...catch` block.', TRUE, NOW() - INTERVAL '1 hour', NOW() - INTERVAL '30 minutes'),
(202, 102, 2, 'An **INNER JOIN** returns only rows that have matching values in both tables. A **LEFT JOIN** returns all rows from the left table, and the matching rows from the right table, using `NULL` for non-matches.', TRUE, NOW() - INTERVAL '30 minutes', NULL),
(203, 103, 3, 'For a medium-sized React app, the **Context API** is often sufficient for global state. Only use Redux if your state logic is highly complex and requires middleware/time-travel debugging.', TRUE, NOW() - INTERVAL '15 minutes', NULL),
(204, 104, 1, 'Yes, list comprehension is generally faster because it is optimized in C under the hood, whereas a `for` loop involves more complex Python bytecode operations.', TRUE, NOW() - INTERVAL '5 minutes', NULL),
(205, 105, 12, 'Use **Flexbox** for one-dimensional layouts (a row *or* a column) and **Grid** for true two-dimensional layouts (rows *and* columns).', TRUE, NOW() - INTERVAL '3 minutes', NULL),
(206, 106, 17, 'For stateless APIs, JWT is a good choice. Store the token in an **HTTP-only cookie** to prevent XSS attacks from accessing it via JavaScript.', FALSE, NOW() - INTERVAL '1 day', NULL),
(207, 107, 2, 'For PostgreSQL, use a **B-tree index** on columns used in `WHERE` and `ORDER BY` clauses. For text columns with complex searches, look into **GIN indexes** for speed.', FALSE, NOW() - INTERVAL '2 days', NULL),
(208, 108, 1, 'V8 first converts the code to an **Abstract Syntax Tree (AST)**, then the **Ignition** interpreter converts the AST to bytecode. **TurboFan** is the optimizing compiler that converts frequently used bytecode to highly optimized machine code.', TRUE, NOW() - INTERVAL '1 hour', NULL),
(209, 109, 4, 'Check your MySQL configuration (`my.cnf`) to ensure `bind-address` is not set to `127.0.0.1` (localhost only). Also, the remote user needs proper grants.', FALSE, NOW() - INTERVAL '2 hours', NULL),
(210, 110, 3, 'Hooks allow you to use state and other React features *without* writing a class. `useState` manages component state, and `useEffect` handles side effects (like data fetching or subscriptions).', TRUE, NOW() - INTERVAL '3 hours', NULL),
(211, 103, 5, 'Another simple alternative to Redux is **Zustand**. Its minimalistic and great for shared state without the boilerplate.', FALSE, NOW() - INTERVAL '10 minutes', NULL),
(212, 101, 6, 'Always remember to handle the rejection of the Promise in the `try...catch` block. Unhandled rejections can crash Node.js.', FALSE, NOW() - INTERVAL '30 minutes', NULL),
(213, 102, 4, 'If you only need unique rows from both tables, consider using the `UNION` operator instead of a JOIN.', FALSE, NOW() - INTERVAL '15 minutes', NULL),
(214, 111, 4, 'Deadlocks are often caused by transactions acquiring locks in different orders. A standard fix is to enforce a **consistent order** for acquiring locks across all transactions.', TRUE, NOW() - INTERVAL '1 day', NULL),
(215, 112, 5, 'Follow **PEP 8** (Python Enhancement Proposal 8) religiously. Use the **Black** code formatter, which enforces style automatically, and **Flake8** as a linter.', TRUE, NOW() - INTERVAL '2 days', NULL),
(216, 113, 12, 'For Spring Boot, a basic CI/CD with **GitHub Actions** is easy: use `maven/gradle build` for the build, run tests, and then push the Docker image to a registry.', TRUE, NOW() - INTERVAL '3 days', NULL),
(217, 114, 13, 'Use **semantic HTML** (e.g., `<button>` instead of `<div>` with a click handler). Use ARIA roles only when native HTML semantics are not available.', TRUE, NOW() - INTERVAL '4 days', NULL),
(218, 115, 16, 'Time complexities: Bubble ($O(n^2)$), Merge ($O(n \log n)$), Quick ($O(n \log n)$ average). Merge is stable, Quick is typically fastest in practice.', TRUE, NOW() - INTERVAL '5 days', NULL),
(219, 116, 6, '`var` is function-scoped (old). `let` and `const` are **block-scoped** (modern). `const` must be initialized and cannot be reassigned (though its contents can be mutated).', TRUE, NOW() - INTERVAL '6 days', NULL),
(220, 117, 17, 'Use **prepared statements (parameterized queries)** for all database operations to eliminate SQL injection. For XSS, use `htmlspecialchars()` when displaying data.', TRUE, NOW() - INTERVAL '7 days', NULL),
(221, 118, 7, 'Check the `flex-basis` property; if it is set to a fixed value or `auto`, it might prevent `flex-grow` from taking effect as expected.', TRUE, NOW() - INTERVAL '8 days', NULL),
(222, 119, 9, 'RESTful APIs use resources identified by URIs, manipulated by HTTP methods (GET, POST, PUT, DELETE), and are **stateless** (each request contains all necessary info).', TRUE, NOW() - INTERVAL '9 days', NULL),
(223, 120, 10, 'Use the **AWS CLI** or **CloudFormation/Terraform** to define the ECS Task Definition, Service, and Cluster. Fargate handles the underlying EC2 instances.', TRUE, NOW() - INTERVAL '10 days', NULL),
(224, 121, 2, 'Normalization reduces data redundancy and improves data integrity. **1NF** eliminates repeating groups. **2NF** requires full functional dependency on the primary key. **3NF** eliminates transitive dependencies.', TRUE, NOW() - INTERVAL '11 days', NULL),
(225, 122, 5, '`map()` is for **transformation** (applies a function to all items and returns a new list). `filter()` is for **selection** (returns items that satisfy a condition).', TRUE, NOW() - INTERVAL '12 days', NULL),
(226, 123, 11, 'The `srcset` attribute provides a list of image file paths and their intrinsic sizes. The browser uses the `sizes` attribute (media query + layout width) to select the best image from the `srcset` list.', TRUE, NOW() - INTERVAL '13 days', NULL),
(227, 124, 12, 'Javas `CompletableFuture` represents a result that will be produced asynchronously. It enables non-blocking operations and chaining of dependent asynchronous tasks.', TRUE, NOW() - INTERVAL '14 days', NULL),
(228, 125, 4, 'Yes, PostgreSQLs built-in **tsvector** and **tsquery** for full-text search is significantly faster and more powerful than `LIKE` for large text bodies, supporting stemming and ranking.', TRUE, NOW() - INTERVAL '15 days', NULL),
(229, 126, 11, 'An Error Boundary is a class component that defines a `static getDerivedStateFromError()` or `componentDidCatch()` method. It catches JS errors in its child tree.', TRUE, NOW() - INTERVAL '16 days', NULL),
(230, 127, 3, 'Cookies are sent with every HTTP request. `localStorage` persists data indefinitely. `sessionStorage` clears data when the browser tab is closed.', TRUE, NOW() - INTERVAL '17 days', NULL),
(231, 128, 8, 'Use **certbot**, which automates the process of generating the certificate and configuring the web server to use it.', TRUE, NOW() - INTERVAL '18 days', NULL),
(232, 129, 5, 'Polymorphism (many forms) allows objects of different classes to be treated as objects of a common base type, often demonstrated through method overriding.', TRUE, NOW() - INTERVAL '19 days', NULL),
(233, 130, 9, '**URL versioning** (e.g., `/v1/resource`) is the most common and easiest to cache and consume, making it generally recommended for public APIs.', TRUE, NOW() - INTERVAL '20 days', NULL),
(234, 111, 2, 'Ensure your transactions are as short and isolated as possible to minimize the time locks are held.', FALSE, NOW() - INTERVAL '1 day' + INTERVAL '5 minutes', NULL),
(235, 112, 1, 'Dont overlook docstrings for documentation. Use the Google or NumPy style for clarity.', FALSE, NOW() - INTERVAL '2 days' + INTERVAL '5 minutes', NULL),
(236, 114, 18, 'Always check your work with tools like **Lighthouse** or **Axe** for automated accessibility testing.', FALSE, NOW() - INTERVAL '5 days' + INTERVAL '5 minutes', NULL),
(237, 106, 19, 'While cookies are safer, many mobile apps or third-party integrations require the token in the Authorization header (e.g., Bearer token).', FALSE, NOW() - INTERVAL '1 day' + INTERVAL '5 minutes', NULL),
(238, 107, 15, 'For very large datasets, partitioning your table might be necessary along with indexing.', FALSE, NOW() - INTERVAL '2 days' + INTERVAL '5 minutes', NULL),
(239, 126, 1, 'Error Boundaries only catch errors in the render, lifecycle methods, and constructors below them, not inside event handlers or asynchronous code.', FALSE, NOW() - INTERVAL '16 days' + INTERVAL '5 minutes', NULL),
(240, 127, 10, 'For storing JWTs or session tokens, `localStorage` is discouraged due to XSS risk; use cookies instead.', FALSE, NOW() - INTERVAL '17 days' + INTERVAL '5 minutes', NULL);

-- COMMENTS --
INSERT INTO comments (comment_id, author_id, question_id, answer_id, body, created_at) VALUES
(301, 5, 101, NULL, 'Have you checked out the `finally` block for resource cleanup?', NOW() - INTERVAL '5 hours'),
(302, 1, 102, NULL, 'Great question about the nuances of JOINs.', NOW() - INTERVAL '1 hour'),
(303, 1, NULL, 203, 'What size is considered "medium" in your context (number of routes/components)?', NOW() - INTERVAL '30 minutes'),
(304, 10, 104, NULL, 'The speed difference is negligible for small lists, focus on readability.', NOW() - INTERVAL '10 minutes'),
(305, 11, NULL, 202, 'Thanks, this simple definition helped me remember the difference!', NOW() - INTERVAL '5 minutes'),
(306, 15, 106, NULL, 'Can you provide a code sample for the token verification middleware?', NOW() - INTERVAL '1 day'),
(307, 1, 107, NULL, 'What is the most frequent query run against that 10M-row table?', NOW() - INTERVAL '2 days'),
(308, 12, 108, NULL, 'I thought V8 also had a baseline JIT compiler before TurboFan.', NOW() - INTERVAL '3 hours'),
(309, 13, 109, NULL, 'Is port 3306 open on the remote host (not just the local firewall)?', NOW() - INTERVAL '4 hours'),
(310, 14, 110, NULL, 'The community is leaning heavily towards functional components now.', NOW() - INTERVAL '5 hours'),
(311, 18, NULL, 214, 'Good point about consistent lock ordering. That seems key.', NOW() - INTERVAL '6 hours'),
(312, 19, 112, NULL, 'I recommend using `mypy` for static type checking in Python as well.', NOW() - INTERVAL '7 hours'),
(313, 20, 113, NULL, 'Does this apply to Kotlin Spring Boot apps too?', NOW() - INTERVAL '8 hours'),
(314, 1, 114, NULL, 'Remember to test keyboard navigation for accessibility.', NOW() - INTERVAL '9 hours'),
(315, 2, NULL, 218, 'What about Timsort (used in Python)?', NOW() - INTERVAL '10 hours'),
(316, 3, 118, NULL, 'Have you tried setting the `align-items` property on the container?', NOW() - INTERVAL '11 hours'),
(317, 4, 119, NULL, 'Should status codes be the only form of error reporting?', NOW() - INTERVAL '12 hours'),
(318, 5, NULL, 222, 'This explanation of statelessness is very clear.', NOW() - INTERVAL '13 hours'),
(319, 6, 127, NULL, 'What are the main security differences between the three storage methods?', NOW() - INTERVAL '14 hours'),
(320, 7, NULL, 226, 'Is it a good idea to use the `<picture>` element for art direction?', NOW() - INTERVAL '15 hours'),
(321, 8, 125, NULL, 'How much setup is required for full-text search compared to LIKE?', NOW() - INTERVAL '16 hours'),
(322, 9, 126, NULL, 'What about React 18s new error handling features?', NOW() - INTERVAL '17 hours'),
(323, 10, NULL, 230, 'Very concise breakdown of storage scope.', NOW() - INTERVAL '18 hours'),
(324, 11, 128, NULL, 'Any specific security hardening steps recommended for Apache after setup?', NOW() - INTERVAL '19 hours'),
(325, 12, 129, NULL, 'Could you show an example of interface polymorphism in Java?', NOW() - INTERVAL '20 hours'),
(326, 13, NULL, 233, 'I prefer Header versioning to keep the URL clean.', NOW() - INTERVAL '21 hours'),
(327, 14, NULL, 201, 'I completely agree with using `try...catch` for async/await.', NOW() - INTERVAL '22 hours'),
(328, 15, 105, NULL, 'What about using CSS Subgrid inside a main Grid layout?', NOW() - INTERVAL '23 hours'),
(329, 16, NULL, 204, 'Good to know about the C implementation for speed.', NOW() - INTERVAL '24 hours'),
(330, 17, 124, NULL, 'What is the thread-pool management strategy for CompletableFuture?', NOW() - INTERVAL '25 hours');

-- VOTES --
INSERT INTO votes (vote_id, voter_id, question_id, answer_id, vote, created_at) VALUES
(1, 1, 101, NULL, 1, NOW() - INTERVAL '1 hour'),
(2, 2, 101, NULL, 1, NOW() - INTERVAL '1 hour'),
(3, 3, 101, NULL, 1, NOW() - INTERVAL '1 hour'),
(4, 4, 102, NULL, 1, NOW() - INTERVAL '2 hours'),
(5, 5, 102, NULL, 1, NOW() - INTERVAL '2 hours'),
(6, 6, 102, NULL, 1, NOW() - INTERVAL '2 hours'),
(7, 7, 103, NULL, 1, NOW() - INTERVAL '3 hours'),
(8, 8, 103, NULL, 1, NOW() - INTERVAL '3 hours'),
(9, 9, 103, NULL, 1, NOW() - INTERVAL '3 hours'),
(10, 10, 104, NULL, 1, NOW() - INTERVAL '4 hours'),
(11, 11, 104, NULL, 1, NOW() - INTERVAL '4 hours'),
(12, 12, 104, NULL, 1, NOW() - INTERVAL '4 hours'),
(13, 13, 105, NULL, 1, NOW() - INTERVAL '5 hours'),
(14, 14, 105, NULL, 1, NOW() - INTERVAL '5 hours'),
(15, 15, 105, NULL, 1, NOW() - INTERVAL '5 hours'),
(16, 1, NULL, 201, 1, NOW() - INTERVAL '30 minutes'),
(17, 2, NULL, 201, 1, NOW() - INTERVAL '30 minutes'),
(18, 3, NULL, 201, 1, NOW() - INTERVAL '30 minutes'),
(19, 4, NULL, 202, 1, NOW() - INTERVAL '1 hour'),
(20, 5, NULL, 202, 1, NOW() - INTERVAL '1 hour'),
(21, 6, NULL, 202, 1, NOW() - INTERVAL '1 hour'),
(22, 7, NULL, 203, 1, NOW() - INTERVAL '2 hours'),
(23, 8, NULL, 203, 1, NOW() - INTERVAL '2 hours'),
(24, 9, NULL, 203, 1, NOW() - INTERVAL '2 hours'),
(25, 10, NULL, 204, 1, NOW() - INTERVAL '3 hours'),
(26, 11, NULL, 204, 1, NOW() - INTERVAL '3 hours'),
(27, 12, NULL, 204, 1, NOW() - INTERVAL '3 hours'),
(28, 13, NULL, 205, 1, NOW() - INTERVAL '4 hours'),
(29, 14, NULL, 205, 1, NOW() - INTERVAL '4 hours'),
(30, 15, NULL, 205, 1, NOW() - INTERVAL '4 hours'),
(31, 16, 106, NULL, 1, NOW() - INTERVAL '6 hours'),
(32, 17, 107, NULL, 1, NOW() - INTERVAL '7 hours'),
(33, 18, 108, NULL, 1, NOW() - INTERVAL '8 hours'),
(34, 19, 109, NULL, 1, NOW() - INTERVAL '9 hours'),
(35, 20, 110, NULL, 1, NOW() - INTERVAL '10 hours'),
(36, 1, NULL, 206, -1, NOW() - INTERVAL '6 hours'),
(37, 2, NULL, 207, 1, NOW() - INTERVAL '7 hours'),
(38, 3, NULL, 208, 1, NOW() - INTERVAL '8 hours'),
(39, 4, NULL, 209, -1, NOW() - INTERVAL '9 hours'),
(40, 5, NULL, 210, 1, NOW() - INTERVAL '10 hours'),
(41, 10, 111, NULL, 1, NOW() - INTERVAL '11 hours'),
(42, 12, 112, NULL, 1, NOW() - INTERVAL '12 hours'),
(43, 14, 113, NULL, 1, NOW() - INTERVAL '13 hours'),
(44, 16, NULL, 214, 1, NOW() - INTERVAL '11 hours'),
(45, 17, NULL, 215, 1, NOW() - INTERVAL '12 hours'),
(46, 18, NULL, 216, 1, NOW() - INTERVAL '13 hours');

-- TAGS --
INSERT INTO tags (tag_id, name, description) VALUES
(1, 'python', 'General Python language and standard library.'),
(2, 'javascript', 'Frontend and backend JavaScript.'),
(3, 'sql', 'Relational database query and management.'),
(4, 'reactjs', 'The React JavaScript library and ecosystem.'),
(5, 'html', 'HyperText Markup Language structure and elements.'),
(6, 'css', 'Cascading Style Sheets for presentation.'),
(7, 'java', 'The Java programming language and JVM.'),
(8, 'database', 'General concepts about databases and design.'),
(9, 'performance', 'Optimization and speed issues.'),
(10, 'api', 'Application Programming Interface development and use.'),
(11, 'security', 'Authentication, authorization, and data protection.'),
(12, 'docker', 'Containerization and Docker technology.'),
(13, 'linux', 'Linux operating system and scripting.'),
(14, 'algorithm', 'Data structures and computational complexity.'),
(15, 'spring-boot', 'The Spring Boot framework for Java.');



-- QUESTION_TAGS --
INSERT INTO question_tags (question_id, tag_id) VALUES
(101, 2), (101, 9),
(102, 3), (102, 8),
(103, 2), (103, 4),
(104, 1), (104, 9),
(105, 5), (105, 6),
(106, 10), (106, 11),
(107, 3), (107, 8), (107, 9),
(108, 2), (108, 9),
(109, 3), (109, 8),
(110, 4), (110, 2),
(111, 3), (111, 8),
(112, 1),
(113, 7), (113, 15),
(114, 5), (114, 6),
(115, 14), (115, 9),
(116, 2),
(117, 11), (117, 3),
(118, 6),
(119, 10),
(120, 10), (120, 12),
(121, 8),
(122, 1),
(123, 5),
(124, 7),
(125, 3), (125, 8),
(126, 4),
(127, 2),
(128, 13), (128, 11),
(129, 1),
(130, 10);



-- BADGES --
INSERT INTO badges (badge_id, name, description, tier, created_at) VALUES
(401, 'Pioneer', 'Joined the community early.', 'bronze', NOW() - INTERVAL '365 days'),
(402, 'Editor', 'Edited 10 posts.', 'bronze', NOW() - INTERVAL '30 days'),
(403, 'Good Answer', 'Had an answer score of 10 or more.', 'silver', NOW() - INTERVAL '15 days'),
(404, 'Eminent', 'Had 10 questions favorited.', 'silver', NOW() - INTERVAL '10 days'),
(405, 'Stellar Author', 'Had a question with 25+ upvotes.', 'gold', NOW() - INTERVAL '5 days');

-- USER_BADGES --
INSERT INTO user_badges (user_id, badge_id, awarded_at) VALUES
(1, 405, NOW() - INTERVAL '5 days'),
(2, 403, NOW() - INTERVAL '15 days'),
(3, 403, NOW() - INTERVAL '15 days' + INTERVAL '1 hour'),
(4, 403, NOW() - INTERVAL '15 days' + INTERVAL '2 hours'),
(5, 403, NOW() - INTERVAL '15 days' + INTERVAL '3 hours'),
(6, 403, NOW() - INTERVAL '15 days' + INTERVAL '4 hours'),
(1, 401, NOW() - INTERVAL '300 days'),
(2, 401, NOW() - INTERVAL '250 days'),
(3, 401, NOW() - INTERVAL '200 days'),
(4, 401, NOW() - INTERVAL '150 days'),
(5, 402, NOW() - INTERVAL '25 days'),
(7, 402, NOW() - INTERVAL '20 days'),
(9, 402, NOW() - INTERVAL '18 days'),
(11, 404, NOW() - INTERVAL '10 days'),
(13, 404, NOW() - INTERVAL '9 days');

-- FAVORITEQUESTIONS --
INSERT INTO favoriteQuestions (user_id, question_id, created_at) VALUES
(1, 105, NOW() - INTERVAL '10 days'),
(2, 110, NOW() - INTERVAL '9 days'),
(3, 107, NOW() - INTERVAL '8 days'),
(4, 101, NOW() - INTERVAL '7 days'),
(5, 121, NOW() - INTERVAL '6 days'),
(6, 115, NOW() - INTERVAL '5 days'),
(7, 127, NOW() - INTERVAL '4 days'),
(8, 119, NOW() - INTERVAL '3 days'),
(9, 112, NOW() - INTERVAL '2 days'),
(10, 103, NOW() - INTERVAL '1 day');